path,label
/Users/pickapu/Documents/PyCharmMiscProject/deepfake-ViT/test_data_v3/inswap/fake/inswap__607__233.png,1
/Users/pickapu/Documents/PyCharmMiscProject/deepfake-ViT/test_data_v3/inswap/fake/inswap__inswap_id28_id30_0004__000.png,1
/Users/pickapu/Documents/PyCharmMiscProject/deepfake-ViT/test_data_v3/inswap/fake/inswap__inswap_id34_id38_0004__000.png,1
/Users/pickapu/Documents/PyCharmMiscProject/deepfake-ViT/test_data_v3/inswap/fake/inswap__inswap_id20_id9_0002__000.png,1
/Users/pickapu/Documents/PyCharmMiscProject/deepfake-ViT/test_data_v3/inswap/fake/inswap__id1_0006__000.png,1
/Users/pickapu/Documents/PyCharmMiscProject/deepfake-ViT/test_data_v3/inswap/fake/inswap__inswap_id20_id28_0006__000.png,1
/Users/pickapu/Documents/PyCharmMiscProject/deepfake-ViT/test_data_v3/real/real__414__302.png,0
/Users/pickapu/Documents/PyCharmMiscProject/deepfake-ViT/test_data_v3/real/real__495__295.png,0
/Users/pickapu/Documents/PyCharmMiscProject/deepfake-ViT/test_data_v3/inswap/fake/inswap__inswap_id17_id23_0000__000.png,1
/Users/pickapu/Documents/PyCharmMiscProject/deepfake-ViT/test_data_v3/inswap/fake/inswap__inswap_id28_id22_0006__000.png,1
/Users/pickapu/Documents/PyCharmMiscProject/deepfake-ViT/test_data_v3/inswap/fake/inswap__inswap_id40_id42_0001__000.png,1
/Users/pickapu/Documents/PyCharmMiscProject/deepfake-ViT/test_data_v3/inswap/fake/inswap__inswap_id39_id45_0008__000.png,1
/Users/pickapu/Documents/PyCharmMiscProject/deepfake-ViT/test_data_v3/real/real__858__248.png,0
/Users/pickapu/Documents/PyCharmMiscProject/deepfake-ViT/test_data_v3/inswap/fake/inswap__inswap_id33_id29_0004__000.png,1
/Users/pickapu/Documents/PyCharmMiscProject/deepfake-ViT/test_data_v3/real/real__837__228.png,0
/Users/pickapu/Documents/PyCharmMiscProject/deepfake-ViT/test_data_v3/real/real__522__367.png,0
/Users/pickapu/Documents/PyCharmMiscProject/deepfake-ViT/test_data_v3/inswap/fake/inswap__inswap_id2_id16_0004__000.png,1
/Users/pickapu/Documents/PyCharmMiscProject/deepfake-ViT/test_data_v3/inswap/fake/inswap__220__183.png,1
/Users/pickapu/Documents/PyCharmMiscProject/deepfake-ViT/test_data_v3/inswap/fake/inswap__inswap_id8_id0_0002__000.png,1
/Users/pickapu/Documents/PyCharmMiscProject/deepfake-ViT/test_data_v3/inswap/fake/inswap__inswap_id0_id4_0001__000.png,1
/Users/pickapu/Documents/PyCharmMiscProject/deepfake-ViT/test_data_v3/real/real__285__197.png,0
/Users/pickapu/Documents/PyCharmMiscProject/deepfake-ViT/test_data_v3/inswap/fake/inswap__inswap_id46_id41_0000__000.png,1
/Users/pickapu/Documents/PyCharmMiscProject/deepfake-ViT/test_data_v3/inswap/fake/inswap__id37_0004__000.png,1
/Users/pickapu/Documents/PyCharmMiscProject/deepfake-ViT/test_data_v3/inswap/fake/inswap__inswap_id1_id2_0007__000.png,1
/Users/pickapu/Documents/PyCharmMiscProject/deepfake-ViT/test_data_v3/real/real__636__172.png,0
/Users/pickapu/Documents/PyCharmMiscProject/deepfake-ViT/test_data_v3/inswap/fake/inswap__id2_0003__000.png,1
/Users/pickapu/Documents/PyCharmMiscProject/deepfake-ViT/test_data_v3/inswap/fake/inswap__inswap_id30_id26_0006__000.png,1
/Users/pickapu/Documents/PyCharmMiscProject/deepfake-ViT/test_data_v3/real/real__087__158.png,0
/Users/pickapu/Documents/PyCharmMiscProject/deepfake-ViT/test_data_v3/inswap/fake/inswap__739__156.png,1
/Users/pickapu/Documents/PyCharmMiscProject/deepfake-ViT/test_data_v3/inswap/fake/inswap__inswap_id10_id11_0001__000.png,1
/Users/pickapu/Documents/PyCharmMiscProject/deepfake-ViT/test_data_v3/real/real__446__217.png,0
/Users/pickapu/Documents/PyCharmMiscProject/deepfake-ViT/test_data_v3/inswap/fake/inswap__inswap_id1_id16_0004__000.png,1
/Users/pickapu/Documents/PyCharmMiscProject/deepfake-ViT/test_data_v3/inswap/fake/inswap__inswap_id49_id50_0001__000.png,1
/Users/pickapu/Documents/PyCharmMiscProject/deepfake-ViT/test_data_v3/real/real__00092__282.png,0
/Users/pickapu/Documents/PyCharmMiscProject/deepfake-ViT/test_data_v3/real/real__072__160.png,0
/Users/pickapu/Documents/PyCharmMiscProject/deepfake-ViT/test_data_v3/real/real__091__329.png,0
/Users/pickapu/Documents/PyCharmMiscProject/deepfake-ViT/test_data_v3/real/real__423__1754.png,0
/Users/pickapu/Documents/PyCharmMiscProject/deepfake-ViT/test_data_v3/inswap/fake/inswap__inswap_id21_id4_0002__000.png,1
/Users/pickapu/Documents/PyCharmMiscProject/deepfake-ViT/test_data_v3/real/real__894__168.png,0
/Users/pickapu/Documents/PyCharmMiscProject/deepfake-ViT/test_data_v3/real/real__861__306.png,0
/Users/pickapu/Documents/PyCharmMiscProject/deepfake-ViT/test_data_v3/real/real__id32_0006__238.png,0
/Users/pickapu/Documents/PyCharmMiscProject/deepfake-ViT/test_data_v3/real/real__657__281.png,0
/Users/pickapu/Documents/PyCharmMiscProject/deepfake-ViT/test_data_v3/inswap/fake/inswap__inswap_id16_id31_0002__000.png,1
/Users/pickapu/Documents/PyCharmMiscProject/deepfake-ViT/test_data_v3/real/real__id28_0009__170.png,0
/Users/pickapu/Documents/PyCharmMiscProject/deepfake-ViT/test_data_v3/inswap/fake/inswap__inswap_id17_id3_0000__000.png,1
/Users/pickapu/Documents/PyCharmMiscProject/deepfake-ViT/test_data_v3/real/real__011__325.png,0
/Users/pickapu/Documents/PyCharmMiscProject/deepfake-ViT/test_data_v3/inswap/fake/inswap__176__193.png,1
/Users/pickapu/Documents/PyCharmMiscProject/deepfake-ViT/test_data_v3/real/real__id32_0003__230.png,0
/Users/pickapu/Documents/PyCharmMiscProject/deepfake-ViT/test_data_v3/real/real__210__432.png,0
/Users/pickapu/Documents/PyCharmMiscProject/deepfake-ViT/test_data_v3/inswap/fake/inswap__inswap_id32_id29_0000__000.png,1
/Users/pickapu/Documents/PyCharmMiscProject/deepfake-ViT/test_data_v3/real/real__568__293.png,0
/Users/pickapu/Documents/PyCharmMiscProject/deepfake-ViT/test_data_v3/inswap/fake/inswap__inswap_id3_id0_0007__000.png,1
/Users/pickapu/Documents/PyCharmMiscProject/deepfake-ViT/test_data_v3/inswap/fake/inswap__inswap_id16_id28_0005__000.png,1
/Users/pickapu/Documents/PyCharmMiscProject/deepfake-ViT/test_data_v3/inswap/fake/inswap__inswap_id37_id29_0002__000.png,1
/Users/pickapu/Documents/PyCharmMiscProject/deepfake-ViT/test_data_v3/real/real__105__154.png,0
/Users/pickapu/Documents/PyCharmMiscProject/deepfake-ViT/test_data_v3/real/real__279__467.png,0
/Users/pickapu/Documents/PyCharmMiscProject/deepfake-ViT/test_data_v3/real/real__id11_0008__190.png,0
/Users/pickapu/Documents/PyCharmMiscProject/deepfake-ViT/test_data_v3/real/real__216__245.png,0
/Users/pickapu/Documents/PyCharmMiscProject/deepfake-ViT/test_data_v3/inswap/fake/inswap__inswap_id56_id50_0005__000.png,1
/Users/pickapu/Documents/PyCharmMiscProject/deepfake-ViT/test_data_v3/inswap/fake/inswap__inswap_id22_id21_0005__000.png,1
/Users/pickapu/Documents/PyCharmMiscProject/deepfake-ViT/test_data_v3/real/real__215__302.png,0
/Users/pickapu/Documents/PyCharmMiscProject/deepfake-ViT/test_data_v3/real/real__815__232.png,0
/Users/pickapu/Documents/PyCharmMiscProject/deepfake-ViT/test_data_v3/real/real__195__171.png,0
/Users/pickapu/Documents/PyCharmMiscProject/deepfake-ViT/test_data_v3/inswap/fake/inswap__inswap_id27_id21_0002__000.png,1
/Users/pickapu/Documents/PyCharmMiscProject/deepfake-ViT/test_data_v3/inswap/fake/inswap__701__202.png,1
/Users/pickapu/Documents/PyCharmMiscProject/deepfake-ViT/test_data_v3/real/real__177__211.png,0
/Users/pickapu/Documents/PyCharmMiscProject/deepfake-ViT/test_data_v3/inswap/fake/inswap__inswap_id9_id20_0002__000.png,1
/Users/pickapu/Documents/PyCharmMiscProject/deepfake-ViT/test_data_v3/inswap/fake/inswap__inswap_id43_id39_0000__000.png,1
/Users/pickapu/Documents/PyCharmMiscProject/deepfake-ViT/test_data_v3/real/real__378__392.png,0
/Users/pickapu/Documents/PyCharmMiscProject/deepfake-ViT/test_data_v3/inswap/fake/inswap__inswap_id57_id51_0004__000.png,1
/Users/pickapu/Documents/PyCharmMiscProject/deepfake-ViT/test_data_v3/inswap/fake/inswap__376__265.png,1
/Users/pickapu/Documents/PyCharmMiscProject/deepfake-ViT/test_data_v3/real/real__399__444.png,0
/Users/pickapu/Documents/PyCharmMiscProject/deepfake-ViT/test_data_v3/inswap/fake/inswap__995__282.png,1
/Users/pickapu/Documents/PyCharmMiscProject/deepfake-ViT/test_data_v3/real/real__069__398.png,0
/Users/pickapu/Documents/PyCharmMiscProject/deepfake-ViT/test_data_v3/real/real__111__222.png,0
/Users/pickapu/Documents/PyCharmMiscProject/deepfake-ViT/test_data_v3/inswap/fake/inswap__inswap_id17_id2_0007__000.png,1
/Users/pickapu/Documents/PyCharmMiscProject/deepfake-ViT/test_data_v3/inswap/fake/inswap__inswap_id45_id48_0002__000.png,1
/Users/pickapu/Documents/PyCharmMiscProject/deepfake-ViT/test_data_v3/inswap/fake/inswap__inswap_id30_id4_0001__000.png,1
/Users/pickapu/Documents/PyCharmMiscProject/deepfake-ViT/test_data_v3/real/real__844__439.png,0
/Users/pickapu/Documents/PyCharmMiscProject/deepfake-ViT/test_data_v3/real/real__560__179.png,0
/Users/pickapu/Documents/PyCharmMiscProject/deepfake-ViT/test_data_v3/real/real__450__398.png,0
/Users/pickapu/Documents/PyCharmMiscProject/deepfake-ViT/test_data_v3/inswap/fake/inswap__inswap_id2_id21_0000__000.png,1
/Users/pickapu/Documents/PyCharmMiscProject/deepfake-ViT/test_data_v3/inswap/fake/inswap__id7_0006__000.png,1
/Users/pickapu/Documents/PyCharmMiscProject/deepfake-ViT/test_data_v3/inswap/fake/inswap__inswap_id28_id37_0007__000.png,1
/Users/pickapu/Documents/PyCharmMiscProject/deepfake-ViT/test_data_v3/real/real__912__333.png,0
/Users/pickapu/Documents/PyCharmMiscProject/deepfake-ViT/test_data_v3/real/real__612__216.png,0
/Users/pickapu/Documents/PyCharmMiscProject/deepfake-ViT/test_data_v3/inswap/fake/inswap__id11_0008__000.png,1
/Users/pickapu/Documents/PyCharmMiscProject/deepfake-ViT/test_data_v3/inswap/fake/inswap__inswap_id20_id30_0004__000.png,1
/Users/pickapu/Documents/PyCharmMiscProject/deepfake-ViT/test_data_v3/inswap/fake/inswap__inswap_id7_id11_0007__000.png,1
/Users/pickapu/Documents/PyCharmMiscProject/deepfake-ViT/test_data_v3/inswap/fake/inswap__id30_0007__000.png,1
/Users/pickapu/Documents/PyCharmMiscProject/deepfake-ViT/test_data_v3/inswap/fake/inswap__517__192.png,1
/Users/pickapu/Documents/PyCharmMiscProject/deepfake-ViT/test_data_v3/real/real__id52_0002__278.png,0
/Users/pickapu/Documents/PyCharmMiscProject/deepfake-ViT/test_data_v3/real/real__649__479.png,0
/Users/pickapu/Documents/PyCharmMiscProject/deepfake-ViT/test_data_v3/inswap/fake/inswap__inswap_id20_id6_0007__000.png,1
/Users/pickapu/Documents/PyCharmMiscProject/deepfake-ViT/test_data_v3/inswap/fake/inswap__inswap_id23_id4_0006__000.png,1
/Users/pickapu/Documents/PyCharmMiscProject/deepfake-ViT/test_data_v3/real/real__067__277.png,0
/Users/pickapu/Documents/PyCharmMiscProject/deepfake-ViT/test_data_v3/real/real__328__164.png,0
/Users/pickapu/Documents/PyCharmMiscProject/deepfake-ViT/test_data_v3/real/real__376__265.png,0
/Users/pickapu/Documents/PyCharmMiscProject/deepfake-ViT/test_data_v3/real/real__851__429.png,0
/Users/pickapu/Documents/PyCharmMiscProject/deepfake-ViT/test_data_v3/inswap/fake/inswap__inswap_id26_id2_0005__000.png,1
/Users/pickapu/Documents/PyCharmMiscProject/deepfake-ViT/test_data_v3/real/real__id35_0000__250.png,0
/Users/pickapu/Documents/PyCharmMiscProject/deepfake-ViT/test_data_v3/inswap/fake/inswap__inswap_id20_id0_0006__000.png,1
/Users/pickapu/Documents/PyCharmMiscProject/deepfake-ViT/test_data_v3/inswap/fake/inswap__inswap_id16_id26_0001__000.png,1
/Users/pickapu/Documents/PyCharmMiscProject/deepfake-ViT/test_data_v3/real/real__230__191.png,0
/Users/pickapu/Documents/PyCharmMiscProject/deepfake-ViT/test_data_v3/inswap/fake/inswap__id2_0001__193.png,1
/Users/pickapu/Documents/PyCharmMiscProject/deepfake-ViT/test_data_v3/real/real__515__394.png,0
/Users/pickapu/Documents/PyCharmMiscProject/deepfake-ViT/test_data_v3/real/real__031__248.png,0
/Users/pickapu/Documents/PyCharmMiscProject/deepfake-ViT/test_data_v3/real/real__id10_0007__242.png,0
/Users/pickapu/Documents/PyCharmMiscProject/deepfake-ViT/test_data_v3/inswap/fake/inswap__inswap_id52_id50_0007__000.png,1
/Users/pickapu/Documents/PyCharmMiscProject/deepfake-ViT/test_data_v3/real/real__721__299.png,0
/Users/pickapu/Documents/PyCharmMiscProject/deepfake-ViT/test_data_v3/real/real__395__230.png,0
/Users/pickapu/Documents/PyCharmMiscProject/deepfake-ViT/test_data_v3/inswap/fake/inswap__inswap_id20_id31_0006__000.png,1
/Users/pickapu/Documents/PyCharmMiscProject/deepfake-ViT/test_data_v3/real/real__id44_0001__161.png,0
/Users/pickapu/Documents/PyCharmMiscProject/deepfake-ViT/test_data_v3/inswap/fake/inswap__inswap_id9_id6_0000__000.png,1
/Users/pickapu/Documents/PyCharmMiscProject/deepfake-ViT/test_data_v3/real/real__959__248.png,0
/Users/pickapu/Documents/PyCharmMiscProject/deepfake-ViT/test_data_v3/real/real__144__177.png,0
/Users/pickapu/Documents/PyCharmMiscProject/deepfake-ViT/test_data_v3/real/real__441__156.png,0
/Users/pickapu/Documents/PyCharmMiscProject/deepfake-ViT/test_data_v3/real/real__917__230.png,0
/Users/pickapu/Documents/PyCharmMiscProject/deepfake-ViT/test_data_v3/inswap/fake/inswap__inswap_id53_id57_0006__000.png,1
/Users/pickapu/Documents/PyCharmMiscProject/deepfake-ViT/test_data_v3/real/real__id29_0008__231.png,0
/Users/pickapu/Documents/PyCharmMiscProject/deepfake-ViT/test_data_v3/inswap/fake/inswap__inswap_id35_id16_0004__000.png,1
/Users/pickapu/Documents/PyCharmMiscProject/deepfake-ViT/test_data_v3/real/real__048__249.png,0
/Users/pickapu/Documents/PyCharmMiscProject/deepfake-ViT/test_data_v3/inswap/fake/inswap__142__496.png,1
/Users/pickapu/Documents/PyCharmMiscProject/deepfake-ViT/test_data_v3/real/real__278__231.png,0
/Users/pickapu/Documents/PyCharmMiscProject/deepfake-ViT/test_data_v3/real/real__170__259.png,0
/Users/pickapu/Documents/PyCharmMiscProject/deepfake-ViT/test_data_v3/inswap/fake/inswap__inswap_id1_id26_0002__000.png,1
/Users/pickapu/Documents/PyCharmMiscProject/deepfake-ViT/test_data_v3/inswap/fake/inswap__inswap_id17_id26_0006__000.png,1
/Users/pickapu/Documents/PyCharmMiscProject/deepfake-ViT/test_data_v3/real/real__608__388.png,0
/Users/pickapu/Documents/PyCharmMiscProject/deepfake-ViT/test_data_v3/inswap/fake/inswap__452__312.png,1
/Users/pickapu/Documents/PyCharmMiscProject/deepfake-ViT/test_data_v3/real/real__id3_0001__195.png,0
/Users/pickapu/Documents/PyCharmMiscProject/deepfake-ViT/test_data_v3/real/real__354__236.png,0
/Users/pickapu/Documents/PyCharmMiscProject/deepfake-ViT/test_data_v3/inswap/fake/inswap__974__163.png,1
/Users/pickapu/Documents/PyCharmMiscProject/deepfake-ViT/test_data_v3/real/real__501__268.png,0
/Users/pickapu/Documents/PyCharmMiscProject/deepfake-ViT/test_data_v3/inswap/fake/inswap__inswap_id28_id26_0000__000.png,1
/Users/pickapu/Documents/PyCharmMiscProject/deepfake-ViT/test_data_v3/inswap/fake/inswap__id33_0008__000.png,1
/Users/pickapu/Documents/PyCharmMiscProject/deepfake-ViT/test_data_v3/inswap/fake/inswap__inswap_id20_id4_0001__000.png,1
/Users/pickapu/Documents/PyCharmMiscProject/deepfake-ViT/test_data_v3/inswap/fake/inswap__inswap_id38_id34_0003__000.png,1
/Users/pickapu/Documents/PyCharmMiscProject/deepfake-ViT/test_data_v3/real/real__id39_0005__128.png,0
/Users/pickapu/Documents/PyCharmMiscProject/deepfake-ViT/test_data_v3/inswap/fake/inswap__inswap_id16_id20_0000__000.png,1
/Users/pickapu/Documents/PyCharmMiscProject/deepfake-ViT/test_data_v3/real/real__id13_0004__181.png,0
/Users/pickapu/Documents/PyCharmMiscProject/deepfake-ViT/test_data_v3/inswap/fake/inswap__661__264.png,1
/Users/pickapu/Documents/PyCharmMiscProject/deepfake-ViT/test_data_v3/inswap/fake/inswap__inswap_id7_id13_0000__000.png,1
/Users/pickapu/Documents/PyCharmMiscProject/deepfake-ViT/test_data_v3/inswap/fake/inswap__214__237.png,1
/Users/pickapu/Documents/PyCharmMiscProject/deepfake-ViT/test_data_v3/real/real__599__204.png,0
/Users/pickapu/Documents/PyCharmMiscProject/deepfake-ViT/test_data_v3/real/real__162__353.png,0
/Users/pickapu/Documents/PyCharmMiscProject/deepfake-ViT/test_data_v3/real/real__445__475.png,0
/Users/pickapu/Documents/PyCharmMiscProject/deepfake-ViT/test_data_v3/inswap/fake/inswap__inswap_id30_id6_0007__000.png,1
/Users/pickapu/Documents/PyCharmMiscProject/deepfake-ViT/test_data_v3/real/real__327__254.png,0
/Users/pickapu/Documents/PyCharmMiscProject/deepfake-ViT/test_data_v3/inswap/fake/inswap__inswap_id3_id16_0009__000.png,1
/Users/pickapu/Documents/PyCharmMiscProject/deepfake-ViT/test_data_v3/inswap/fake/inswap__inswap_id57_id58_0008__000.png,1
/Users/pickapu/Documents/PyCharmMiscProject/deepfake-ViT/test_data_v3/inswap/fake/inswap__inswap_id3_id28_0001__000.png,1
/Users/pickapu/Documents/PyCharmMiscProject/deepfake-ViT/test_data_v3/real/real__045__180.png,0
/Users/pickapu/Documents/PyCharmMiscProject/deepfake-ViT/test_data_v3/inswap/fake/inswap__inswap_id9_id28_0000__000.png,1
/Users/pickapu/Documents/PyCharmMiscProject/deepfake-ViT/test_data_v3/real/real__585__184.png,0
/Users/pickapu/Documents/PyCharmMiscProject/deepfake-ViT/test_data_v3/inswap/fake/inswap__inswap_id30_id29_0000__000.png,1
/Users/pickapu/Documents/PyCharmMiscProject/deepfake-ViT/test_data_v3/inswap/fake/inswap__id31_0004__000.png,1
/Users/pickapu/Documents/PyCharmMiscProject/deepfake-ViT/test_data_v3/real/real__693__306.png,0
/Users/pickapu/Documents/PyCharmMiscProject/deepfake-ViT/test_data_v3/inswap/fake/inswap__inswap_id31_id35_0006__000.png,1
/Users/pickapu/Documents/PyCharmMiscProject/deepfake-ViT/test_data_v3/inswap/fake/inswap__inswap_id2_id6_0008__000.png,1
/Users/pickapu/Documents/PyCharmMiscProject/deepfake-ViT/test_data_v3/real/real__172__387.png,0
/Users/pickapu/Documents/PyCharmMiscProject/deepfake-ViT/test_data_v3/inswap/fake/inswap__inswap_id16_id0_0004__000.png,1
/Users/pickapu/Documents/PyCharmMiscProject/deepfake-ViT/test_data_v3/inswap/fake/inswap__inswap_id35_id31_0009__000.png,1
/Users/pickapu/Documents/PyCharmMiscProject/deepfake-ViT/test_data_v3/inswap/fake/inswap__inswap_id28_id6_0006__000.png,1
/Users/pickapu/Documents/PyCharmMiscProject/deepfake-ViT/test_data_v3/real/real__257__368.png,0
/Users/pickapu/Documents/PyCharmMiscProject/deepfake-ViT/test_data_v3/inswap/fake/inswap__170__259.png,1
/Users/pickapu/Documents/PyCharmMiscProject/deepfake-ViT/test_data_v3/real/real__739__156.png,0
/Users/pickapu/Documents/PyCharmMiscProject/deepfake-ViT/test_data_v3/inswap/fake/inswap__inswap_id50_id51_0008__000.png,1
/Users/pickapu/Documents/PyCharmMiscProject/deepfake-ViT/test_data_v3/real/real__287__244.png,0
/Users/pickapu/Documents/PyCharmMiscProject/deepfake-ViT/test_data_v3/real/real__004__158.png,0
/Users/pickapu/Documents/PyCharmMiscProject/deepfake-ViT/test_data_v3/real/real__993__210.png,0
/Users/pickapu/Documents/PyCharmMiscProject/deepfake-ViT/test_data_v3/real/real__id1_0006__260.png,0
/Users/pickapu/Documents/PyCharmMiscProject/deepfake-ViT/test_data_v3/real/real__931__164.png,0
/Users/pickapu/Documents/PyCharmMiscProject/deepfake-ViT/test_data_v3/real/real__473__295.png,0
/Users/pickapu/Documents/PyCharmMiscProject/deepfake-ViT/test_data_v3/real/real__660__174.png,0
/Users/pickapu/Documents/PyCharmMiscProject/deepfake-ViT/test_data_v3/real/real__829__412.png,0
/Users/pickapu/Documents/PyCharmMiscProject/deepfake-ViT/test_data_v3/inswap/fake/inswap__003__155.png,1
/Users/pickapu/Documents/PyCharmMiscProject/deepfake-ViT/test_data_v3/inswap/fake/inswap__529__172.png,1
/Users/pickapu/Documents/PyCharmMiscProject/deepfake-ViT/test_data_v3/inswap/fake/inswap__inswap_id37_id4_0006__000.png,1
/Users/pickapu/Documents/PyCharmMiscProject/deepfake-ViT/test_data_v3/inswap/fake/inswap__inswap_id26_id1_0002__000.png,1
/Users/pickapu/Documents/PyCharmMiscProject/deepfake-ViT/test_data_v3/real/real__284__248.png,0
/Users/pickapu/Documents/PyCharmMiscProject/deepfake-ViT/test_data_v3/inswap/fake/inswap__inswap_id3_id1_0002__000.png,1
/Users/pickapu/Documents/PyCharmMiscProject/deepfake-ViT/test_data_v3/inswap/fake/inswap__inswap_id10_id13_0005__000.png,1
/Users/pickapu/Documents/PyCharmMiscProject/deepfake-ViT/test_data_v3/inswap/fake/inswap__inswap_id57_id51_0000__000.png,1
/Users/pickapu/Documents/PyCharmMiscProject/deepfake-ViT/test_data_v3/inswap/fake/inswap__inswap_id32_id31_0006__000.png,1
/Users/pickapu/Documents/PyCharmMiscProject/deepfake-ViT/test_data_v3/real/real__846__181.png,0
/Users/pickapu/Documents/PyCharmMiscProject/deepfake-ViT/test_data_v3/inswap/fake/inswap__inswap_id23_id6_0006__000.png,1
/Users/pickapu/Documents/PyCharmMiscProject/deepfake-ViT/test_data_v3/inswap/fake/inswap__862__242.png,1
/Users/pickapu/Documents/PyCharmMiscProject/deepfake-ViT/test_data_v3/real/real__422__162.png,0
/Users/pickapu/Documents/PyCharmMiscProject/deepfake-ViT/test_data_v3/inswap/fake/inswap__id37_0005__000.png,1
/Users/pickapu/Documents/PyCharmMiscProject/deepfake-ViT/test_data_v3/real/real__261__348.png,0
/Users/pickapu/Documents/PyCharmMiscProject/deepfake-ViT/test_data_v3/real/real__081__414.png,0
/Users/pickapu/Documents/PyCharmMiscProject/deepfake-ViT/test_data_v3/inswap/fake/inswap__801__228.png,1
/Users/pickapu/Documents/PyCharmMiscProject/deepfake-ViT/test_data_v3/inswap/fake/inswap__inswap_id23_id3_0004__000.png,1
/Users/pickapu/Documents/PyCharmMiscProject/deepfake-ViT/test_data_v3/real/real__924__362.png,0
/Users/pickapu/Documents/PyCharmMiscProject/deepfake-ViT/test_data_v3/inswap/fake/inswap__inswap_id37_id21_0005__000.png,1
/Users/pickapu/Documents/PyCharmMiscProject/deepfake-ViT/test_data_v3/inswap/fake/inswap__inswap_id12_id10_0005__000.png,1
/Users/pickapu/Documents/PyCharmMiscProject/deepfake-ViT/test_data_v3/inswap/fake/inswap__inswap_id56_id54_0006__000.png,1
/Users/pickapu/Documents/PyCharmMiscProject/deepfake-ViT/test_data_v3/inswap/fake/inswap__420__435.png,1
/Users/pickapu/Documents/PyCharmMiscProject/deepfake-ViT/test_data_v3/real/real__610__202.png,0
/Users/pickapu/Documents/PyCharmMiscProject/deepfake-ViT/test_data_v3/real/real__310__193.png,0
/Users/pickapu/Documents/PyCharmMiscProject/deepfake-ViT/test_data_v3/inswap/fake/inswap__inswap_id9_id21_0008__000.png,1
/Users/pickapu/Documents/PyCharmMiscProject/deepfake-ViT/test_data_v3/real/real__271__252.png,0
/Users/pickapu/Documents/PyCharmMiscProject/deepfake-ViT/test_data_v3/real/real__838__235.png,0
/Users/pickapu/Documents/PyCharmMiscProject/deepfake-ViT/test_data_v3/inswap/fake/inswap__467__217.png,1
/Users/pickapu/Documents/PyCharmMiscProject/deepfake-ViT/test_data_v3/real/real__389__161.png,0
/Users/pickapu/Documents/PyCharmMiscProject/deepfake-ViT/test_data_v3/real/real__517__192.png,0
/Users/pickapu/Documents/PyCharmMiscProject/deepfake-ViT/test_data_v3/real/real__457__272.png,0
/Users/pickapu/Documents/PyCharmMiscProject/deepfake-ViT/test_data_v3/real/real__576__237.png,0
/Users/pickapu/Documents/PyCharmMiscProject/deepfake-ViT/test_data_v3/real/real__343__153.png,0
/Users/pickapu/Documents/PyCharmMiscProject/deepfake-ViT/test_data_v3/inswap/fake/inswap__id54_0007__000.png,1
/Users/pickapu/Documents/PyCharmMiscProject/deepfake-ViT/test_data_v3/inswap/fake/inswap__169__334.png,1
/Users/pickapu/Documents/PyCharmMiscProject/deepfake-ViT/test_data_v3/inswap/fake/inswap__inswap_id2_id0_0002__000.png,1
/Users/pickapu/Documents/PyCharmMiscProject/deepfake-ViT/test_data_v3/inswap/fake/inswap__625__170.png,1
/Users/pickapu/Documents/PyCharmMiscProject/deepfake-ViT/test_data_v3/real/real__337__170.png,0
/Users/pickapu/Documents/PyCharmMiscProject/deepfake-ViT/test_data_v3/inswap/fake/inswap__id17_0000__000.png,1
/Users/pickapu/Documents/PyCharmMiscProject/deepfake-ViT/test_data_v3/inswap/fake/inswap__inswap_id39_id44_0000__000.png,1
/Users/pickapu/Documents/PyCharmMiscProject/deepfake-ViT/test_data_v3/real/real__338__458.png,0
/Users/pickapu/Documents/PyCharmMiscProject/deepfake-ViT/test_data_v3/real/real__713__271.png,0
/Users/pickapu/Documents/PyCharmMiscProject/deepfake-ViT/test_data_v3/inswap/fake/inswap__inswap_id13_id7_0000__000.png,1
/Users/pickapu/Documents/PyCharmMiscProject/deepfake-ViT/test_data_v3/real/real__00244__148.png,0
/Users/pickapu/Documents/PyCharmMiscProject/deepfake-ViT/test_data_v3/real/real__000__203.png,0
/Users/pickapu/Documents/PyCharmMiscProject/deepfake-ViT/test_data_v3/inswap/fake/inswap__851__429.png,1
/Users/pickapu/Documents/PyCharmMiscProject/deepfake-ViT/test_data_v3/real/real__725__360.png,0
/Users/pickapu/Documents/PyCharmMiscProject/deepfake-ViT/test_data_v3/inswap/fake/inswap__219__180.png,1
/Users/pickapu/Documents/PyCharmMiscProject/deepfake-ViT/test_data_v3/inswap/fake/inswap__id4_0004__000.png,1
/Users/pickapu/Documents/PyCharmMiscProject/deepfake-ViT/test_data_v3/real/real__00254__238.png,0
/Users/pickapu/Documents/PyCharmMiscProject/deepfake-ViT/test_data_v3/real/real__00284__238.png,0
/Users/pickapu/Documents/PyCharmMiscProject/deepfake-ViT/test_data_v3/inswap/fake/inswap__inswap_id1_id0_0007__000.png,1
/Users/pickapu/Documents/PyCharmMiscProject/deepfake-ViT/test_data_v3/real/real__934__194.png,0
/Users/pickapu/Documents/PyCharmMiscProject/deepfake-ViT/test_data_v3/inswap/fake/inswap__669__251.png,1
/Users/pickapu/Documents/PyCharmMiscProject/deepfake-ViT/test_data_v3/real/real__234__272.png,0
/Users/pickapu/Documents/PyCharmMiscProject/deepfake-ViT/test_data_v3/inswap/fake/inswap__inswap_id9_id26_0000__000.png,1
/Users/pickapu/Documents/PyCharmMiscProject/deepfake-ViT/test_data_v3/inswap/fake/inswap__inswap_id6_id20_0007__000.png,1
/Users/pickapu/Documents/PyCharmMiscProject/deepfake-ViT/test_data_v3/inswap/fake/inswap__inswap_id6_id2_0005__000.png,1
/Users/pickapu/Documents/PyCharmMiscProject/deepfake-ViT/test_data_v3/inswap/fake/inswap__inswap_id21_id27_0002__000.png,1
/Users/pickapu/Documents/PyCharmMiscProject/deepfake-ViT/test_data_v3/inswap/fake/inswap__inswap_id0_id6_0007__000.png,1
/Users/pickapu/Documents/PyCharmMiscProject/deepfake-ViT/test_data_v3/inswap/fake/inswap__707__499.png,1
/Users/pickapu/Documents/PyCharmMiscProject/deepfake-ViT/test_data_v3/inswap/fake/inswap__380__234.png,1
/Users/pickapu/Documents/PyCharmMiscProject/deepfake-ViT/test_data_v3/real/real__109__153.png,0
/Users/pickapu/Documents/PyCharmMiscProject/deepfake-ViT/test_data_v3/inswap/fake/inswap__521__156.png,1
/Users/pickapu/Documents/PyCharmMiscProject/deepfake-ViT/test_data_v3/inswap/fake/inswap__inswap_id16_id23_0003__000.png,1
/Users/pickapu/Documents/PyCharmMiscProject/deepfake-ViT/test_data_v3/inswap/fake/inswap__660__174.png,1
/Users/pickapu/Documents/PyCharmMiscProject/deepfake-ViT/test_data_v3/real/real__443__443.png,0
/Users/pickapu/Documents/PyCharmMiscProject/deepfake-ViT/test_data_v3/inswap/fake/inswap__id2_0004__000.png,1
/Users/pickapu/Documents/PyCharmMiscProject/deepfake-ViT/test_data_v3/inswap/fake/inswap__141__261.png,1
/Users/pickapu/Documents/PyCharmMiscProject/deepfake-ViT/test_data_v3/real/real__756__293.png,0
/Users/pickapu/Documents/PyCharmMiscProject/deepfake-ViT/test_data_v3/real/real__965__179.png,0
/Users/pickapu/Documents/PyCharmMiscProject/deepfake-ViT/test_data_v3/inswap/fake/inswap__inswap_id52_id58_0005__000.png,1
/Users/pickapu/Documents/PyCharmMiscProject/deepfake-ViT/test_data_v3/real/real__222__209.png,0
/Users/pickapu/Documents/PyCharmMiscProject/deepfake-ViT/test_data_v3/real/real__537__198.png,0
/Users/pickapu/Documents/PyCharmMiscProject/deepfake-ViT/test_data_v3/real/real__581__196.png,0
/Users/pickapu/Documents/PyCharmMiscProject/deepfake-ViT/test_data_v3/inswap/fake/inswap__inswap_id6_id9_0005__000.png,1
/Users/pickapu/Documents/PyCharmMiscProject/deepfake-ViT/test_data_v3/inswap/fake/inswap__inswap_id32_id29_0003__000.png,1
/Users/pickapu/Documents/PyCharmMiscProject/deepfake-ViT/test_data_v3/real/real__701__202.png,0
/Users/pickapu/Documents/PyCharmMiscProject/deepfake-ViT/test_data_v3/real/real__677__161.png,0
/Users/pickapu/Documents/PyCharmMiscProject/deepfake-ViT/test_data_v3/real/real__465__169.png,0
/Users/pickapu/Documents/PyCharmMiscProject/deepfake-ViT/test_data_v3/inswap/fake/inswap__inswap_id11_id10_0004__191.png,1
/Users/pickapu/Documents/PyCharmMiscProject/deepfake-ViT/test_data_v3/real/real__142__496.png,0
/Users/pickapu/Documents/PyCharmMiscProject/deepfake-ViT/test_data_v3/real/real__732__219.png,0
/Users/pickapu/Documents/PyCharmMiscProject/deepfake-ViT/test_data_v3/real/real__248__255.png,0
/Users/pickapu/Documents/PyCharmMiscProject/deepfake-ViT/test_data_v3/real/real__id2_0003__197.png,0
/Users/pickapu/Documents/PyCharmMiscProject/deepfake-ViT/test_data_v3/real/real__825__281.png,0
/Users/pickapu/Documents/PyCharmMiscProject/deepfake-ViT/test_data_v3/inswap/fake/inswap__inswap_id21_id30_0002__000.png,1
/Users/pickapu/Documents/PyCharmMiscProject/deepfake-ViT/test_data_v3/inswap/fake/inswap__inswap_id35_id29_0000__000.png,1
/Users/pickapu/Documents/PyCharmMiscProject/deepfake-ViT/test_data_v3/inswap/fake/inswap__inswap_id28_id4_0000__000.png,1
/Users/pickapu/Documents/PyCharmMiscProject/deepfake-ViT/test_data_v3/real/real__971__182.png,0
/Users/pickapu/Documents/PyCharmMiscProject/deepfake-ViT/test_data_v3/real/real__774__161.png,0
/Users/pickapu/Documents/PyCharmMiscProject/deepfake-ViT/test_data_v3/real/real__884__176.png,0
/Users/pickapu/Documents/PyCharmMiscProject/deepfake-ViT/test_data_v3/real/real__527__176.png,0
/Users/pickapu/Documents/PyCharmMiscProject/deepfake-ViT/test_data_v3/real/real__444__225.png,0
/Users/pickapu/Documents/PyCharmMiscProject/deepfake-ViT/test_data_v3/inswap/fake/inswap__386__231.png,1
/Users/pickapu/Documents/PyCharmMiscProject/deepfake-ViT/test_data_v3/real/real__434__162.png,0
/Users/pickapu/Documents/PyCharmMiscProject/deepfake-ViT/test_data_v3/real/real__907__270.png,0
/Users/pickapu/Documents/PyCharmMiscProject/deepfake-ViT/test_data_v3/real/real__938__189.png,0
/Users/pickapu/Documents/PyCharmMiscProject/deepfake-ViT/test_data_v3/inswap/fake/inswap__inswap_id38_id33_0001__000.png,1
/Users/pickapu/Documents/PyCharmMiscProject/deepfake-ViT/test_data_v3/inswap/fake/inswap__id53_0000__000.png,1
/Users/pickapu/Documents/PyCharmMiscProject/deepfake-ViT/test_data_v3/inswap/fake/inswap__inswap_id29_id34_0008__000.png,1
/Users/pickapu/Documents/PyCharmMiscProject/deepfake-ViT/test_data_v3/real/real__00063__230.png,0
/Users/pickapu/Documents/PyCharmMiscProject/deepfake-ViT/test_data_v3/inswap/fake/inswap__inswap_id29_id38_0008__000.png,1
/Users/pickapu/Documents/PyCharmMiscProject/deepfake-ViT/test_data_v3/real/real__id2_0008__265.png,0
/Users/pickapu/Documents/PyCharmMiscProject/deepfake-ViT/test_data_v3/real/real__344__325.png,0
/Users/pickapu/Documents/PyCharmMiscProject/deepfake-ViT/test_data_v3/real/real__415__290.png,0
/Users/pickapu/Documents/PyCharmMiscProject/deepfake-ViT/test_data_v3/real/real__452__312.png,0
/Users/pickapu/Documents/PyCharmMiscProject/deepfake-ViT/test_data_v3/real/real__708__282.png,0
/Users/pickapu/Documents/PyCharmMiscProject/deepfake-ViT/test_data_v3/inswap/fake/inswap__945__392.png,1
/Users/pickapu/Documents/PyCharmMiscProject/deepfake-ViT/test_data_v3/real/real__807__334.png,0
/Users/pickapu/Documents/PyCharmMiscProject/deepfake-ViT/test_data_v3/real/real__980__197.png,0
/Users/pickapu/Documents/PyCharmMiscProject/deepfake-ViT/test_data_v3/real/real__615__232.png,0
/Users/pickapu/Documents/PyCharmMiscProject/deepfake-ViT/test_data_v3/real/real__023__284.png,0
/Users/pickapu/Documents/PyCharmMiscProject/deepfake-ViT/test_data_v3/real/real__503__347.png,0
/Users/pickapu/Documents/PyCharmMiscProject/deepfake-ViT/test_data_v3/inswap/fake/inswap__inswap_id30_id35_0009__000.png,1
/Users/pickapu/Documents/PyCharmMiscProject/deepfake-ViT/test_data_v3/inswap/fake/inswap__inswap_id28_id37_0008__000.png,1
/Users/pickapu/Documents/PyCharmMiscProject/deepfake-ViT/test_data_v3/real/real__551__374.png,0
/Users/pickapu/Documents/PyCharmMiscProject/deepfake-ViT/test_data_v3/real/real__308__258.png,0
/Users/pickapu/Documents/PyCharmMiscProject/deepfake-ViT/test_data_v3/inswap/fake/inswap__inswap_id2_id16_0006__000.png,1
/Users/pickapu/Documents/PyCharmMiscProject/deepfake-ViT/test_data_v3/real/real__id48_0000__173.png,0
/Users/pickapu/Documents/PyCharmMiscProject/deepfake-ViT/test_data_v3/inswap/fake/inswap__inswap_id30_id26_0004__000.png,1
/Users/pickapu/Documents/PyCharmMiscProject/deepfake-ViT/test_data_v3/inswap/fake/inswap__inswap_id11_id7_0009__000.png,1
/Users/pickapu/Documents/PyCharmMiscProject/deepfake-ViT/test_data_v3/inswap/fake/inswap__id16_0007__000.png,1
/Users/pickapu/Documents/PyCharmMiscProject/deepfake-ViT/test_data_v3/inswap/fake/inswap__inswap_id16_id9_0007__000.png,1
/Users/pickapu/Documents/PyCharmMiscProject/deepfake-ViT/test_data_v3/inswap/fake/inswap__inswap_id57_id55_0002__000.png,1
/Users/pickapu/Documents/PyCharmMiscProject/deepfake-ViT/test_data_v3/real/real__243__199.png,0
/Users/pickapu/Documents/PyCharmMiscProject/deepfake-ViT/test_data_v3/real/real__531__153.png,0
/Users/pickapu/Documents/PyCharmMiscProject/deepfake-ViT/test_data_v3/real/real__266__239.png,0
/Users/pickapu/Documents/PyCharmMiscProject/deepfake-ViT/test_data_v3/inswap/fake/inswap__inswap_id24_id20_0009__000.png,1
/Users/pickapu/Documents/PyCharmMiscProject/deepfake-ViT/test_data_v3/real/real__276__170.png,0
/Users/pickapu/Documents/PyCharmMiscProject/deepfake-ViT/test_data_v3/real/real__id53_0000__243.png,0
/Users/pickapu/Documents/PyCharmMiscProject/deepfake-ViT/test_data_v3/inswap/fake/inswap__inswap_id1_id9_0007__000.png,1
/Users/pickapu/Documents/PyCharmMiscProject/deepfake-ViT/test_data_v3/inswap/fake/inswap__inswap_id10_id13_0001__046.png,1
/Users/pickapu/Documents/PyCharmMiscProject/deepfake-ViT/test_data_v3/real/real__639__341.png,0
/Users/pickapu/Documents/PyCharmMiscProject/deepfake-ViT/test_data_v3/inswap/fake/inswap__190__170.png,1
/Users/pickapu/Documents/PyCharmMiscProject/deepfake-ViT/test_data_v3/real/real__063__479.png,0
/Users/pickapu/Documents/PyCharmMiscProject/deepfake-ViT/test_data_v3/inswap/fake/inswap__inswap_id33_id31_0009__000.png,1
/Users/pickapu/Documents/PyCharmMiscProject/deepfake-ViT/test_data_v3/real/real__435__245.png,0
/Users/pickapu/Documents/PyCharmMiscProject/deepfake-ViT/test_data_v3/inswap/fake/inswap__inswap_id54_id49_0003__000.png,1
/Users/pickapu/Documents/PyCharmMiscProject/deepfake-ViT/test_data_v3/inswap/fake/inswap__404__000.png,1
/Users/pickapu/Documents/PyCharmMiscProject/deepfake-ViT/test_data_v3/real/real__830__263.png,0
/Users/pickapu/Documents/PyCharmMiscProject/deepfake-ViT/test_data_v3/real/real__676__265.png,0
/Users/pickapu/Documents/PyCharmMiscProject/deepfake-ViT/test_data_v3/real/real__539__161.png,0
/Users/pickapu/Documents/PyCharmMiscProject/deepfake-ViT/test_data_v3/real/real__962__236.png,0
/Users/pickapu/Documents/PyCharmMiscProject/deepfake-ViT/test_data_v3/inswap/fake/inswap__inswap_id20_id1_0002__000.png,1
/Users/pickapu/Documents/PyCharmMiscProject/deepfake-ViT/test_data_v3/inswap/fake/inswap__388__327.png,1
/Users/pickapu/Documents/PyCharmMiscProject/deepfake-ViT/test_data_v3/inswap/fake/inswap__inswap_id22_id28_0006__000.png,1
/Users/pickapu/Documents/PyCharmMiscProject/deepfake-ViT/test_data_v3/real/real__737__189.png,0
/Users/pickapu/Documents/PyCharmMiscProject/deepfake-ViT/test_data_v3/real/real__098__153.png,0
/Users/pickapu/Documents/PyCharmMiscProject/deepfake-ViT/test_data_v3/real/real__00282__213.png,0
/Users/pickapu/Documents/PyCharmMiscProject/deepfake-ViT/test_data_v3/real/real__817__215.png,0
/Users/pickapu/Documents/PyCharmMiscProject/deepfake-ViT/test_data_v3/inswap/fake/inswap__inswap_id53_id52_0003__000.png,1
/Users/pickapu/Documents/PyCharmMiscProject/deepfake-ViT/test_data_v3/real/real__899__288.png,0
/Users/pickapu/Documents/PyCharmMiscProject/deepfake-ViT/test_data_v3/inswap/fake/inswap__inswap_id4_id6_0008__000.png,1
/Users/pickapu/Documents/PyCharmMiscProject/deepfake-ViT/test_data_v3/real/real__00188__245.png,0
/Users/pickapu/Documents/PyCharmMiscProject/deepfake-ViT/test_data_v3/inswap/fake/inswap__inswap_id32_id33_0004__000.png,1
/Users/pickapu/Documents/PyCharmMiscProject/deepfake-ViT/test_data_v3/real/real__989__494.png,0
/Users/pickapu/Documents/PyCharmMiscProject/deepfake-ViT/test_data_v3/inswap/fake/inswap__inswap_id1_id37_0002__000.png,1
/Users/pickapu/Documents/PyCharmMiscProject/deepfake-ViT/test_data_v3/real/real__524__271.png,0
/Users/pickapu/Documents/PyCharmMiscProject/deepfake-ViT/test_data_v3/real/real__789__292.png,0
/Users/pickapu/Documents/PyCharmMiscProject/deepfake-ViT/test_data_v3/real/real__548__295.png,0
/Users/pickapu/Documents/PyCharmMiscProject/deepfake-ViT/test_data_v3/real/real__404__411.png,0
/Users/pickapu/Documents/PyCharmMiscProject/deepfake-ViT/test_data_v3/inswap/fake/inswap__inswap_id7_id10_0005__000.png,1
/Users/pickapu/Documents/PyCharmMiscProject/deepfake-ViT/test_data_v3/real/real__943__242.png,0
/Users/pickapu/Documents/PyCharmMiscProject/deepfake-ViT/test_data_v3/inswap/fake/inswap__inswap_id44_id45_0000__000.png,1
/Users/pickapu/Documents/PyCharmMiscProject/deepfake-ViT/test_data_v3/real/real__824__297.png,0
/Users/pickapu/Documents/PyCharmMiscProject/deepfake-ViT/test_data_v3/inswap/fake/inswap__924__362.png,1
/Users/pickapu/Documents/PyCharmMiscProject/deepfake-ViT/test_data_v3/real/real__749__357.png,0
/Users/pickapu/Documents/PyCharmMiscProject/deepfake-ViT/test_data_v3/inswap/fake/inswap__inswap_id9_id0_0006__000.png,1
/Users/pickapu/Documents/PyCharmMiscProject/deepfake-ViT/test_data_v3/inswap/fake/inswap__inswap_id0_id1_0000__000.png,1
/Users/pickapu/Documents/PyCharmMiscProject/deepfake-ViT/test_data_v3/real/real__662__255.png,0
/Users/pickapu/Documents/PyCharmMiscProject/deepfake-ViT/test_data_v3/inswap/fake/inswap__inswap_id41_id44_0005__000.png,1
/Users/pickapu/Documents/PyCharmMiscProject/deepfake-ViT/test_data_v3/real/real__881__328.png,0
/Users/pickapu/Documents/PyCharmMiscProject/deepfake-ViT/test_data_v3/real/real__277__498.png,0
/Users/pickapu/Documents/PyCharmMiscProject/deepfake-ViT/test_data_v3/real/real__175__259.png,0
/Users/pickapu/Documents/PyCharmMiscProject/deepfake-ViT/test_data_v3/real/real__709__154.png,0
/Users/pickapu/Documents/PyCharmMiscProject/deepfake-ViT/test_data_v3/inswap/fake/inswap__102__200.png,1
/Users/pickapu/Documents/PyCharmMiscProject/deepfake-ViT/test_data_v3/inswap/fake/inswap__381__297.png,1
/Users/pickapu/Documents/PyCharmMiscProject/deepfake-ViT/test_data_v3/real/real__244__286.png,0
/Users/pickapu/Documents/PyCharmMiscProject/deepfake-ViT/test_data_v3/inswap/fake/inswap__inswap_id27_id21_0008__000.png,1
/Users/pickapu/Documents/PyCharmMiscProject/deepfake-ViT/test_data_v3/real/real__632__219.png,0
/Users/pickapu/Documents/PyCharmMiscProject/deepfake-ViT/test_data_v3/inswap/fake/inswap__inswap_id28_id16_0005__000.png,1
/Users/pickapu/Documents/PyCharmMiscProject/deepfake-ViT/test_data_v3/inswap/fake/inswap__inswap_id6_id4_0002__000.png,1
/Users/pickapu/Documents/PyCharmMiscProject/deepfake-ViT/test_data_v3/real/real__984__174.png,0
/Users/pickapu/Documents/PyCharmMiscProject/deepfake-ViT/test_data_v3/inswap/fake/inswap__inswap_id54_id58_0006__000.png,1
/Users/pickapu/Documents/PyCharmMiscProject/deepfake-ViT/test_data_v3/real/real__514__185.png,0
/Users/pickapu/Documents/PyCharmMiscProject/deepfake-ViT/test_data_v3/real/real__808__328.png,0
/Users/pickapu/Documents/PyCharmMiscProject/deepfake-ViT/test_data_v3/inswap/fake/inswap__731__401.png,1
/Users/pickapu/Documents/PyCharmMiscProject/deepfake-ViT/test_data_v3/inswap/fake/inswap__id29_0008__000.png,1
/Users/pickapu/Documents/PyCharmMiscProject/deepfake-ViT/test_data_v3/real/real__667__241.png,0
/Users/pickapu/Documents/PyCharmMiscProject/deepfake-ViT/test_data_v3/inswap/fake/inswap__868__221.png,1
/Users/pickapu/Documents/PyCharmMiscProject/deepfake-ViT/test_data_v3/inswap/fake/inswap__314__212.png,1
/Users/pickapu/Documents/PyCharmMiscProject/deepfake-ViT/test_data_v3/real/real__077__314.png,0
/Users/pickapu/Documents/PyCharmMiscProject/deepfake-ViT/test_data_v3/real/real__798__190.png,0
/Users/pickapu/Documents/PyCharmMiscProject/deepfake-ViT/test_data_v3/inswap/fake/inswap__inswap_id27_id26_0006__000.png,1
/Users/pickapu/Documents/PyCharmMiscProject/deepfake-ViT/test_data_v3/inswap/fake/inswap__inswap_id51_id57_0000__000.png,1
/Users/pickapu/Documents/PyCharmMiscProject/deepfake-ViT/test_data_v3/real/real__007__260.png,0
/Users/pickapu/Documents/PyCharmMiscProject/deepfake-ViT/test_data_v3/inswap/fake/inswap__inswap_id17_id0_0000__000.png,1
/Users/pickapu/Documents/PyCharmMiscProject/deepfake-ViT/test_data_v3/inswap/fake/inswap__421__468.png,1
/Users/pickapu/Documents/PyCharmMiscProject/deepfake-ViT/test_data_v3/real/real__155__427.png,0
/Users/pickapu/Documents/PyCharmMiscProject/deepfake-ViT/test_data_v3/inswap/fake/inswap__367__334.png,1
/Users/pickapu/Documents/PyCharmMiscProject/deepfake-ViT/test_data_v3/inswap/fake/inswap__732__219.png,1
/Users/pickapu/Documents/PyCharmMiscProject/deepfake-ViT/test_data_v3/inswap/fake/inswap__inswap_id31_id35_0009__000.png,1
/Users/pickapu/Documents/PyCharmMiscProject/deepfake-ViT/test_data_v3/inswap/fake/inswap__inswap_id17_id28_0001__000.png,1
/Users/pickapu/Documents/PyCharmMiscProject/deepfake-ViT/test_data_v3/inswap/fake/inswap__inswap_id45_id44_0000__000.png,1
/Users/pickapu/Documents/PyCharmMiscProject/deepfake-ViT/test_data_v3/real/real__717__192.png,0
/Users/pickapu/Documents/PyCharmMiscProject/deepfake-ViT/test_data_v3/real/real__208__239.png,0
/Users/pickapu/Documents/PyCharmMiscProject/deepfake-ViT/test_data_v3/inswap/fake/inswap__422__162.png,1
/Users/pickapu/Documents/PyCharmMiscProject/deepfake-ViT/test_data_v3/inswap/fake/inswap__inswap_id8_id3_0003__000.png,1
/Users/pickapu/Documents/PyCharmMiscProject/deepfake-ViT/test_data_v3/real/real__873__455.png,0
/Users/pickapu/Documents/PyCharmMiscProject/deepfake-ViT/test_data_v3/inswap/fake/inswap__inswap_id26_id0_0009__000.png,1
/Users/pickapu/Documents/PyCharmMiscProject/deepfake-ViT/test_data_v3/inswap/fake/inswap__inswap_id0_id4_0000__000.png,1
/Users/pickapu/Documents/PyCharmMiscProject/deepfake-ViT/test_data_v3/inswap/fake/inswap__inswap_id26_id4_0007__000.png,1
/Users/pickapu/Documents/PyCharmMiscProject/deepfake-ViT/test_data_v3/inswap/fake/inswap__inswap_id46_id39_0000__000.png,1
/Users/pickapu/Documents/PyCharmMiscProject/deepfake-ViT/test_data_v3/real/real__295__211.png,0
/Users/pickapu/Documents/PyCharmMiscProject/deepfake-ViT/test_data_v3/real/real__892__160.png,0
/Users/pickapu/Documents/PyCharmMiscProject/deepfake-ViT/test_data_v3/real/real__232__295.png,0
/Users/pickapu/Documents/PyCharmMiscProject/deepfake-ViT/test_data_v3/real/real__921__152.png,0
/Users/pickapu/Documents/PyCharmMiscProject/deepfake-ViT/test_data_v3/real/real__402__217.png,0
/Users/pickapu/Documents/PyCharmMiscProject/deepfake-ViT/test_data_v3/real/real__911__169.png,0
/Users/pickapu/Documents/PyCharmMiscProject/deepfake-ViT/test_data_v3/inswap/fake/inswap__inswap_id37_id21_0000__000.png,1
/Users/pickapu/Documents/PyCharmMiscProject/deepfake-ViT/test_data_v3/real/real__403__364.png,0
/Users/pickapu/Documents/PyCharmMiscProject/deepfake-ViT/test_data_v3/real/real__357__178.png,0
/Users/pickapu/Documents/PyCharmMiscProject/deepfake-ViT/test_data_v3/real/real__561__214.png,0
/Users/pickapu/Documents/PyCharmMiscProject/deepfake-ViT/test_data_v3/inswap/fake/inswap__inswap_id26_id23_0003__000.png,1
/Users/pickapu/Documents/PyCharmMiscProject/deepfake-ViT/test_data_v3/real/real__628__461.png,0
/Users/pickapu/Documents/PyCharmMiscProject/deepfake-ViT/test_data_v3/real/real__460__329.png,0
/Users/pickapu/Documents/PyCharmMiscProject/deepfake-ViT/test_data_v3/inswap/fake/inswap__id53_0003__000.png,1
/Users/pickapu/Documents/PyCharmMiscProject/deepfake-ViT/test_data_v3/inswap/fake/inswap__inswap_id20_id16_0006__000.png,1
/Users/pickapu/Documents/PyCharmMiscProject/deepfake-ViT/test_data_v3/real/real__034__209.png,0
/Users/pickapu/Documents/PyCharmMiscProject/deepfake-ViT/test_data_v3/inswap/fake/inswap__inswap_id2_id1_0002__000.png,1
/Users/pickapu/Documents/PyCharmMiscProject/deepfake-ViT/test_data_v3/inswap/fake/inswap__inswap_id13_id10_0005__000.png,1
/Users/pickapu/Documents/PyCharmMiscProject/deepfake-ViT/test_data_v3/inswap/fake/inswap__inswap_id4_id0_0004__000.png,1
/Users/pickapu/Documents/PyCharmMiscProject/deepfake-ViT/test_data_v3/real/real__750__227.png,0
/Users/pickapu/Documents/PyCharmMiscProject/deepfake-ViT/test_data_v3/inswap/fake/inswap__inswap_id43_id47_0007__000.png,1
/Users/pickapu/Documents/PyCharmMiscProject/deepfake-ViT/test_data_v3/real/real__028__223.png,0
/Users/pickapu/Documents/PyCharmMiscProject/deepfake-ViT/test_data_v3/inswap/fake/inswap__inswap_id20_id4_0008__000.png,1
/Users/pickapu/Documents/PyCharmMiscProject/deepfake-ViT/test_data_v3/inswap/fake/inswap__inswap_id4_id1_0002__000.png,1
/Users/pickapu/Documents/PyCharmMiscProject/deepfake-ViT/test_data_v3/real/real__156__266.png,0
/Users/pickapu/Documents/PyCharmMiscProject/deepfake-ViT/test_data_v3/real/real__id48_0003__161.png,0
/Users/pickapu/Documents/PyCharmMiscProject/deepfake-ViT/test_data_v3/real/real__id54_0007__294.png,0
/Users/pickapu/Documents/PyCharmMiscProject/deepfake-ViT/test_data_v3/inswap/fake/inswap__inswap_id23_id35_0006__000.png,1
/Users/pickapu/Documents/PyCharmMiscProject/deepfake-ViT/test_data_v3/inswap/fake/inswap__973__274.png,1
/Users/pickapu/Documents/PyCharmMiscProject/deepfake-ViT/test_data_v3/inswap/fake/inswap__161__189.png,1
/Users/pickapu/Documents/PyCharmMiscProject/deepfake-ViT/test_data_v3/inswap/fake/inswap__423__1754.png,1
/Users/pickapu/Documents/PyCharmMiscProject/deepfake-ViT/test_data_v3/real/real__948__223.png,0
/Users/pickapu/Documents/PyCharmMiscProject/deepfake-ViT/test_data_v3/inswap/fake/inswap__inswap_id39_id47_0004__000.png,1
/Users/pickapu/Documents/PyCharmMiscProject/deepfake-ViT/test_data_v3/real/real__526__432.png,0
/Users/pickapu/Documents/PyCharmMiscProject/deepfake-ViT/test_data_v3/inswap/fake/inswap__inswap_id7_id11_0009__000.png,1
/Users/pickapu/Documents/PyCharmMiscProject/deepfake-ViT/test_data_v3/inswap/fake/inswap__inswap_id2_id4_0003__000.png,1
/Users/pickapu/Documents/PyCharmMiscProject/deepfake-ViT/test_data_v3/inswap/fake/inswap__inswap_id6_id21_0005__000.png,1
/Users/pickapu/Documents/PyCharmMiscProject/deepfake-ViT/test_data_v3/real/real__587__322.png,0
/Users/pickapu/Documents/PyCharmMiscProject/deepfake-ViT/test_data_v3/real/real__346__316.png,0
/Users/pickapu/Documents/PyCharmMiscProject/deepfake-ViT/test_data_v3/inswap/fake/inswap__550__228.png,1
/Users/pickapu/Documents/PyCharmMiscProject/deepfake-ViT/test_data_v3/inswap/fake/inswap__inswap_id12_id10_0004__000.png,1
/Users/pickapu/Documents/PyCharmMiscProject/deepfake-ViT/test_data_v3/real/real__019__312.png,0
/Users/pickapu/Documents/PyCharmMiscProject/deepfake-ViT/test_data_v3/real/real__386__231.png,0
/Users/pickapu/Documents/PyCharmMiscProject/deepfake-ViT/test_data_v3/real/real__id8_0009__182.png,0
/Users/pickapu/Documents/PyCharmMiscProject/deepfake-ViT/test_data_v3/inswap/fake/inswap__inswap_id1_id4_0003__000.png,1
/Users/pickapu/Documents/PyCharmMiscProject/deepfake-ViT/test_data_v3/real/real__864__167.png,0
/Users/pickapu/Documents/PyCharmMiscProject/deepfake-ViT/test_data_v3/inswap/fake/inswap__inswap_id28_id21_0001__000.png,1
/Users/pickapu/Documents/PyCharmMiscProject/deepfake-ViT/test_data_v3/inswap/fake/inswap__026__165.png,1
/Users/pickapu/Documents/PyCharmMiscProject/deepfake-ViT/test_data_v3/real/real__204__265.png,0
/Users/pickapu/Documents/PyCharmMiscProject/deepfake-ViT/test_data_v3/inswap/fake/inswap__inswap_id40_id43_0005__000.png,1
/Users/pickapu/Documents/PyCharmMiscProject/deepfake-ViT/test_data_v3/inswap/fake/inswap__inswap_id37_id38_0009__000.png,1
/Users/pickapu/Documents/PyCharmMiscProject/deepfake-ViT/test_data_v3/inswap/fake/inswap__inswap_id55_id57_0002__417.png,1
/Users/pickapu/Documents/PyCharmMiscProject/deepfake-ViT/test_data_v3/real/real__778__168.png,0
/Users/pickapu/Documents/PyCharmMiscProject/deepfake-ViT/test_data_v3/inswap/fake/inswap__233__347.png,1
/Users/pickapu/Documents/PyCharmMiscProject/deepfake-ViT/test_data_v3/real/real__041__179.png,0
/Users/pickapu/Documents/PyCharmMiscProject/deepfake-ViT/test_data_v3/inswap/fake/inswap__inswap_id17_id31_0009__000.png,1
/Users/pickapu/Documents/PyCharmMiscProject/deepfake-ViT/test_data_v3/inswap/fake/inswap__inswap_id37_id2_0009__000.png,1
/Users/pickapu/Documents/PyCharmMiscProject/deepfake-ViT/test_data_v3/inswap/fake/inswap__480__249.png,1
/Users/pickapu/Documents/PyCharmMiscProject/deepfake-ViT/test_data_v3/real/real__008__328.png,0
/Users/pickapu/Documents/PyCharmMiscProject/deepfake-ViT/test_data_v3/real/real__00272__163.png,0
/Users/pickapu/Documents/PyCharmMiscProject/deepfake-ViT/test_data_v3/real/real__471__278.png,0
/Users/pickapu/Documents/PyCharmMiscProject/deepfake-ViT/test_data_v3/real/real__442__182.png,0
/Users/pickapu/Documents/PyCharmMiscProject/deepfake-ViT/test_data_v3/inswap/fake/inswap__inswap_id53_id57_0005__000.png,1
/Users/pickapu/Documents/PyCharmMiscProject/deepfake-ViT/test_data_v3/real/real__669__251.png,0
/Users/pickapu/Documents/PyCharmMiscProject/deepfake-ViT/test_data_v3/inswap/fake/inswap__inswap_id4_id26_0007__000.png,1
/Users/pickapu/Documents/PyCharmMiscProject/deepfake-ViT/test_data_v3/inswap/fake/inswap__485__413.png,1
/Users/pickapu/Documents/PyCharmMiscProject/deepfake-ViT/test_data_v3/inswap/fake/inswap__inswap_id23_id35_0009__000.png,1
/Users/pickapu/Documents/PyCharmMiscProject/deepfake-ViT/test_data_v3/real/real__00036__283.png,0
/Users/pickapu/Documents/PyCharmMiscProject/deepfake-ViT/test_data_v3/real/real__929__237.png,0
/Users/pickapu/Documents/PyCharmMiscProject/deepfake-ViT/test_data_v3/real/real__id45_0003__161.png,0
/Users/pickapu/Documents/PyCharmMiscProject/deepfake-ViT/test_data_v3/real/real__582__221.png,0
/Users/pickapu/Documents/PyCharmMiscProject/deepfake-ViT/test_data_v3/inswap/fake/inswap__inswap_id58_id54_0006__000.png,1
/Users/pickapu/Documents/PyCharmMiscProject/deepfake-ViT/test_data_v3/real/real__521__156.png,0
/Users/pickapu/Documents/PyCharmMiscProject/deepfake-ViT/test_data_v3/inswap/fake/inswap__inswap_id56_id51_0000__000.png,1
/Users/pickapu/Documents/PyCharmMiscProject/deepfake-ViT/test_data_v3/real/real__183__200.png,0
/Users/pickapu/Documents/PyCharmMiscProject/deepfake-ViT/test_data_v3/inswap/fake/inswap__inswap_id5_id8_0008__000.png,1
/Users/pickapu/Documents/PyCharmMiscProject/deepfake-ViT/test_data_v3/inswap/fake/inswap__488__266.png,1
/Users/pickapu/Documents/PyCharmMiscProject/deepfake-ViT/test_data_v3/real/real__056__192.png,0
/Users/pickapu/Documents/PyCharmMiscProject/deepfake-ViT/test_data_v3/inswap/fake/inswap__inswap_id37_id34_0008__000.png,1
/Users/pickapu/Documents/PyCharmMiscProject/deepfake-ViT/test_data_v3/inswap/fake/inswap__917__230.png,1
/Users/pickapu/Documents/PyCharmMiscProject/deepfake-ViT/test_data_v3/real/real__659__483.png,0
/Users/pickapu/Documents/PyCharmMiscProject/deepfake-ViT/test_data_v3/real/real__id43_0002__172.png,0
/Users/pickapu/Documents/PyCharmMiscProject/deepfake-ViT/test_data_v3/real/real__995__282.png,0
/Users/pickapu/Documents/PyCharmMiscProject/deepfake-ViT/test_data_v3/real/real__id37_0004__190.png,0
/Users/pickapu/Documents/PyCharmMiscProject/deepfake-ViT/test_data_v3/inswap/fake/inswap__inswap_id25_id19_0008__000.png,1
/Users/pickapu/Documents/PyCharmMiscProject/deepfake-ViT/test_data_v3/real/real__491__219.png,0
/Users/pickapu/Documents/PyCharmMiscProject/deepfake-ViT/test_data_v3/real/real__520__180.png,0
/Users/pickapu/Documents/PyCharmMiscProject/deepfake-ViT/test_data_v3/real/real__762__214.png,0
/Users/pickapu/Documents/PyCharmMiscProject/deepfake-ViT/test_data_v3/inswap/fake/inswap__inswap_id25_id22_0001__000.png,1
/Users/pickapu/Documents/PyCharmMiscProject/deepfake-ViT/test_data_v3/real/real__id2_0004__218.png,0
/Users/pickapu/Documents/PyCharmMiscProject/deepfake-ViT/test_data_v3/inswap/fake/inswap__352__216.png,1
/Users/pickapu/Documents/PyCharmMiscProject/deepfake-ViT/test_data_v3/inswap/fake/inswap__inswap_id7_id10_0008__000.png,1
/Users/pickapu/Documents/PyCharmMiscProject/deepfake-ViT/test_data_v3/inswap/fake/inswap__inswap_id7_id13_0009__000.png,1
/Users/pickapu/Documents/PyCharmMiscProject/deepfake-ViT/test_data_v3/inswap/fake/inswap__inswap_id19_id20_0000__000.png,1
/Users/pickapu/Documents/PyCharmMiscProject/deepfake-ViT/test_data_v3/inswap/fake/inswap__inswap_id34_id32_0007__000.png,1
/Users/pickapu/Documents/PyCharmMiscProject/deepfake-ViT/test_data_v3/real/real__637__262.png,0
/Users/pickapu/Documents/PyCharmMiscProject/deepfake-ViT/test_data_v3/inswap/fake/inswap__inswap_id21_id28_0001__000.png,1
/Users/pickapu/Documents/PyCharmMiscProject/deepfake-ViT/test_data_v3/inswap/fake/inswap__inswap_id28_id4_0006__000.png,1
/Users/pickapu/Documents/PyCharmMiscProject/deepfake-ViT/test_data_v3/inswap/fake/inswap__inswap_id27_id22_0007__000.png,1
/Users/pickapu/Documents/PyCharmMiscProject/deepfake-ViT/test_data_v3/real/real__559__171.png,0
/Users/pickapu/Documents/PyCharmMiscProject/deepfake-ViT/test_data_v3/real/real__242__170.png,0
/Users/pickapu/Documents/PyCharmMiscProject/deepfake-ViT/test_data_v3/real/real__00193__181.png,0
/Users/pickapu/Documents/PyCharmMiscProject/deepfake-ViT/test_data_v3/inswap/fake/inswap__inswap_id21_id4_0009__000.png,1
/Users/pickapu/Documents/PyCharmMiscProject/deepfake-ViT/test_data_v3/real/real__579__245.png,0
/Users/pickapu/Documents/PyCharmMiscProject/deepfake-ViT/test_data_v3/real/real__304__314.png,0
/Users/pickapu/Documents/PyCharmMiscProject/deepfake-ViT/test_data_v3/inswap/fake/inswap__id2_0008__000.png,1
/Users/pickapu/Documents/PyCharmMiscProject/deepfake-ViT/test_data_v3/real/real__988__234.png,0
/Users/pickapu/Documents/PyCharmMiscProject/deepfake-ViT/test_data_v3/real/real__867__240.png,0
/Users/pickapu/Documents/PyCharmMiscProject/deepfake-ViT/test_data_v3/real/real__130__341.png,0
/Users/pickapu/Documents/PyCharmMiscProject/deepfake-ViT/test_data_v3/real/real__586__195.png,0
/Users/pickapu/Documents/PyCharmMiscProject/deepfake-ViT/test_data_v3/real/real__738__214.png,0
/Users/pickapu/Documents/PyCharmMiscProject/deepfake-ViT/test_data_v3/inswap/fake/inswap__inswap_id48_id47_0008__000.png,1
/Users/pickapu/Documents/PyCharmMiscProject/deepfake-ViT/test_data_v3/real/real__710__194.png,0
/Users/pickapu/Documents/PyCharmMiscProject/deepfake-ViT/test_data_v3/real/real__246__255.png,0
/Users/pickapu/Documents/PyCharmMiscProject/deepfake-ViT/test_data_v3/real/real__532__201.png,0
/Users/pickapu/Documents/PyCharmMiscProject/deepfake-ViT/test_data_v3/inswap/fake/inswap__445__475.png,1
/Users/pickapu/Documents/PyCharmMiscProject/deepfake-ViT/test_data_v3/inswap/fake/inswap__623__181.png,1
/Users/pickapu/Documents/PyCharmMiscProject/deepfake-ViT/test_data_v3/real/real__00252__160.png,0
/Users/pickapu/Documents/PyCharmMiscProject/deepfake-ViT/test_data_v3/inswap/fake/inswap__inswap_id3_id6_0001__000.png,1
/Users/pickapu/Documents/PyCharmMiscProject/deepfake-ViT/test_data_v3/inswap/fake/inswap__inswap_id6_id0_0005__000.png,1
/Users/pickapu/Documents/PyCharmMiscProject/deepfake-ViT/test_data_v3/inswap/fake/inswap__inswap_id27_id23_0008__000.png,1
/Users/pickapu/Documents/PyCharmMiscProject/deepfake-ViT/test_data_v3/inswap/fake/inswap__308__258.png,1
/Users/pickapu/Documents/PyCharmMiscProject/deepfake-ViT/test_data_v3/inswap/fake/inswap__552__155.png,1
/Users/pickapu/Documents/PyCharmMiscProject/deepfake-ViT/test_data_v3/real/real__969__183.png,0
/Users/pickapu/Documents/PyCharmMiscProject/deepfake-ViT/test_data_v3/inswap/fake/inswap__inswap_id28_id26_0002__000.png,1
/Users/pickapu/Documents/PyCharmMiscProject/deepfake-ViT/test_data_v3/real/real__id35_0008__107.png,0
/Users/pickapu/Documents/PyCharmMiscProject/deepfake-ViT/test_data_v3/inswap/fake/inswap__630__217.png,1
/Users/pickapu/Documents/PyCharmMiscProject/deepfake-ViT/test_data_v3/inswap/fake/inswap__inswap_id57_id53_0006__000.png,1
/Users/pickapu/Documents/PyCharmMiscProject/deepfake-ViT/test_data_v3/inswap/fake/inswap__inswap_id47_id43_0007__000.png,1
/Users/pickapu/Documents/PyCharmMiscProject/deepfake-ViT/test_data_v3/real/real__100__217.png,0
/Users/pickapu/Documents/PyCharmMiscProject/deepfake-ViT/test_data_v3/inswap/fake/inswap__650__357.png,1
/Users/pickapu/Documents/PyCharmMiscProject/deepfake-ViT/test_data_v3/inswap/fake/inswap__inswap_id32_id34_0007__000.png,1
/Users/pickapu/Documents/PyCharmMiscProject/deepfake-ViT/test_data_v3/real/real__439__237.png,0
/Users/pickapu/Documents/PyCharmMiscProject/deepfake-ViT/test_data_v3/inswap/fake/inswap__inswap_id21_id28_0006__000.png,1
/Users/pickapu/Documents/PyCharmMiscProject/deepfake-ViT/test_data_v3/inswap/fake/inswap__inswap_id16_id6_0001__000.png,1
/Users/pickapu/Documents/PyCharmMiscProject/deepfake-ViT/test_data_v3/inswap/fake/inswap__inswap_id27_id22_0001__000.png,1
/Users/pickapu/Documents/PyCharmMiscProject/deepfake-ViT/test_data_v3/inswap/fake/inswap__048__249.png,1
/Users/pickapu/Documents/PyCharmMiscProject/deepfake-ViT/test_data_v3/inswap/fake/inswap__id13_0004__000.png,1
/Users/pickapu/Documents/PyCharmMiscProject/deepfake-ViT/test_data_v3/real/real__id52_0001__240.png,0
/Users/pickapu/Documents/PyCharmMiscProject/deepfake-ViT/test_data_v3/real/real__112__215.png,0
/Users/pickapu/Documents/PyCharmMiscProject/deepfake-ViT/test_data_v3/inswap/fake/inswap__inswap_id39_id43_0000__000.png,1
/Users/pickapu/Documents/PyCharmMiscProject/deepfake-ViT/test_data_v3/inswap/fake/inswap__691__278.png,1
/Users/pickapu/Documents/PyCharmMiscProject/deepfake-ViT/test_data_v3/real/real__757__227.png,0
/Users/pickapu/Documents/PyCharmMiscProject/deepfake-ViT/test_data_v3/real/real__544__182.png,0
/Users/pickapu/Documents/PyCharmMiscProject/deepfake-ViT/test_data_v3/inswap/fake/inswap__inswap_id53_id58_0005__000.png,1
/Users/pickapu/Documents/PyCharmMiscProject/deepfake-ViT/test_data_v3/inswap/fake/inswap__inswap_id33_id38_0001__000.png,1
/Users/pickapu/Documents/PyCharmMiscProject/deepfake-ViT/test_data_v3/inswap/fake/inswap__inswap_id35_id32_0007__000.png,1
/Users/pickapu/Documents/PyCharmMiscProject/deepfake-ViT/test_data_v3/inswap/fake/inswap__319__369.png,1
/Users/pickapu/Documents/PyCharmMiscProject/deepfake-ViT/test_data_v3/real/real__580__150.png,0
/Users/pickapu/Documents/PyCharmMiscProject/deepfake-ViT/test_data_v3/inswap/fake/inswap__inswap_id29_id37_0002__000.png,1
/Users/pickapu/Documents/PyCharmMiscProject/deepfake-ViT/test_data_v3/inswap/fake/inswap__inswap_id11_id7_0008__000.png,1
/Users/pickapu/Documents/PyCharmMiscProject/deepfake-ViT/test_data_v3/real/real__00279__233.png,0
/Users/pickapu/Documents/PyCharmMiscProject/deepfake-ViT/test_data_v3/inswap/fake/inswap__inswap_id22_id25_0001__000.png,1
/Users/pickapu/Documents/PyCharmMiscProject/deepfake-ViT/test_data_v3/inswap/fake/inswap__id56_0009__000.png,1
/Users/pickapu/Documents/PyCharmMiscProject/deepfake-ViT/test_data_v3/real/real__645__285.png,0
/Users/pickapu/Documents/PyCharmMiscProject/deepfake-ViT/test_data_v3/real/real__334__345.png,0
/Users/pickapu/Documents/PyCharmMiscProject/deepfake-ViT/test_data_v3/inswap/fake/inswap__036__173.png,1
/Users/pickapu/Documents/PyCharmMiscProject/deepfake-ViT/test_data_v3/real/real__879__432.png,0
/Users/pickapu/Documents/PyCharmMiscProject/deepfake-ViT/test_data_v3/inswap/fake/inswap__inswap_id43_id40_0005__000.png,1
/Users/pickapu/Documents/PyCharmMiscProject/deepfake-ViT/test_data_v3/inswap/fake/inswap__inswap_id30_id21_0002__000.png,1
/Users/pickapu/Documents/PyCharmMiscProject/deepfake-ViT/test_data_v3/inswap/fake/inswap__inswap_id46_id45_0001__000.png,1
/Users/pickapu/Documents/PyCharmMiscProject/deepfake-ViT/test_data_v3/inswap/fake/inswap__inswap_id1_id0_0005__000.png,1
/Users/pickapu/Documents/PyCharmMiscProject/deepfake-ViT/test_data_v3/inswap/fake/inswap__inswap_id21_id0_0000__000.png,1
/Users/pickapu/Documents/PyCharmMiscProject/deepfake-ViT/test_data_v3/inswap/fake/inswap__inswap_id30_id35_0006__000.png,1
/Users/pickapu/Documents/PyCharmMiscProject/deepfake-ViT/test_data_v3/real/real__428__278.png,0
/Users/pickapu/Documents/PyCharmMiscProject/deepfake-ViT/test_data_v3/real/real__925__183.png,0
/Users/pickapu/Documents/PyCharmMiscProject/deepfake-ViT/test_data_v3/inswap/fake/inswap__inswap_id35_id37_0001__000.png,1
/Users/pickapu/Documents/PyCharmMiscProject/deepfake-ViT/test_data_v3/inswap/fake/inswap__880__224.png,1
/Users/pickapu/Documents/PyCharmMiscProject/deepfake-ViT/test_data_v3/real/real__850__315.png,0
/Users/pickapu/Documents/PyCharmMiscProject/deepfake-ViT/test_data_v3/real/real__id36_0006__242.png,0
/Users/pickapu/Documents/PyCharmMiscProject/deepfake-ViT/test_data_v3/real/real__941__254.png,0
/Users/pickapu/Documents/PyCharmMiscProject/deepfake-ViT/test_data_v3/real/real__id43_0001__175.png,0
/Users/pickapu/Documents/PyCharmMiscProject/deepfake-ViT/test_data_v3/real/real__823__346.png,0
/Users/pickapu/Documents/PyCharmMiscProject/deepfake-ViT/test_data_v3/inswap/fake/inswap__inswap_id47_id48_0008__000.png,1
/Users/pickapu/Documents/PyCharmMiscProject/deepfake-ViT/test_data_v3/inswap/fake/inswap__id28_0007__000.png,1
/Users/pickapu/Documents/PyCharmMiscProject/deepfake-ViT/test_data_v3/real/real__691__278.png,0
/Users/pickapu/Documents/PyCharmMiscProject/deepfake-ViT/test_data_v3/real/real__758__201.png,0
/Users/pickapu/Documents/PyCharmMiscProject/deepfake-ViT/test_data_v3/inswap/fake/inswap__inswap_id9_id0_0000__000.png,1
/Users/pickapu/Documents/PyCharmMiscProject/deepfake-ViT/test_data_v3/real/real__400__183.png,0
/Users/pickapu/Documents/PyCharmMiscProject/deepfake-ViT/test_data_v3/inswap/fake/inswap__inswap_id35_id31_0006__000.png,1
/Users/pickapu/Documents/PyCharmMiscProject/deepfake-ViT/test_data_v3/real/real__600__199.png,0
/Users/pickapu/Documents/PyCharmMiscProject/deepfake-ViT/test_data_v3/real/real__843__163.png,0
/Users/pickapu/Documents/PyCharmMiscProject/deepfake-ViT/test_data_v3/real/real__id30_0007__234.png,0
/Users/pickapu/Documents/PyCharmMiscProject/deepfake-ViT/test_data_v3/real/real__020__200.png,0
/Users/pickapu/Documents/PyCharmMiscProject/deepfake-ViT/test_data_v3/inswap/fake/inswap__389__161.png,1
/Users/pickapu/Documents/PyCharmMiscProject/deepfake-ViT/test_data_v3/inswap/fake/inswap__280__312.png,1
/Users/pickapu/Documents/PyCharmMiscProject/deepfake-ViT/test_data_v3/real/real__id32_0008__243.png,0
/Users/pickapu/Documents/PyCharmMiscProject/deepfake-ViT/test_data_v3/real/real__00276__237.png,0
/Users/pickapu/Documents/PyCharmMiscProject/deepfake-ViT/test_data_v3/inswap/fake/inswap__inswap_id3_id23_0004__000.png,1
/Users/pickapu/Documents/PyCharmMiscProject/deepfake-ViT/test_data_v3/real/real__572__178.png,0
/Users/pickapu/Documents/PyCharmMiscProject/deepfake-ViT/test_data_v3/real/real__027__151.png,0
/Users/pickapu/Documents/PyCharmMiscProject/deepfake-ViT/test_data_v3/real/real__670__247.png,0
/Users/pickapu/Documents/PyCharmMiscProject/deepfake-ViT/test_data_v3/real/real__440__215.png,0
/Users/pickapu/Documents/PyCharmMiscProject/deepfake-ViT/test_data_v3/inswap/fake/inswap__inswap_id16_id2_0006__000.png,1
/Users/pickapu/Documents/PyCharmMiscProject/deepfake-ViT/test_data_v3/inswap/fake/inswap__id23_0001__000.png,1
/Users/pickapu/Documents/PyCharmMiscProject/deepfake-ViT/test_data_v3/inswap/fake/inswap__id35_0008__000.png,1
/Users/pickapu/Documents/PyCharmMiscProject/deepfake-ViT/test_data_v3/real/real__448__272.png,0
/Users/pickapu/Documents/PyCharmMiscProject/deepfake-ViT/test_data_v3/real/real__421__468.png,0
/Users/pickapu/Documents/PyCharmMiscProject/deepfake-ViT/test_data_v3/inswap/fake/inswap__inswap_id10_id7_0008__000.png,1
/Users/pickapu/Documents/PyCharmMiscProject/deepfake-ViT/test_data_v3/inswap/fake/inswap__id27_0008__000.png,1
/Users/pickapu/Documents/PyCharmMiscProject/deepfake-ViT/test_data_v3/real/real__260__155.png,0
/Users/pickapu/Documents/PyCharmMiscProject/deepfake-ViT/test_data_v3/inswap/fake/inswap__inswap_id24_id25_0003__000.png,1
/Users/pickapu/Documents/PyCharmMiscProject/deepfake-ViT/test_data_v3/real/real__003__155.png,0
/Users/pickapu/Documents/PyCharmMiscProject/deepfake-ViT/test_data_v3/real/real__963__356.png,0
/Users/pickapu/Documents/PyCharmMiscProject/deepfake-ViT/test_data_v3/real/real__953__180.png,0
/Users/pickapu/Documents/PyCharmMiscProject/deepfake-ViT/test_data_v3/inswap/fake/inswap__inswap_id0_id21_0000__000.png,1
/Users/pickapu/Documents/PyCharmMiscProject/deepfake-ViT/test_data_v3/real/real__076__169.png,0
/Users/pickapu/Documents/PyCharmMiscProject/deepfake-ViT/test_data_v3/inswap/fake/inswap__inswap_id44_id42_0001__000.png,1
/Users/pickapu/Documents/PyCharmMiscProject/deepfake-ViT/test_data_v3/inswap/fake/inswap__inswap_id28_id3_0004__000.png,1
/Users/pickapu/Documents/PyCharmMiscProject/deepfake-ViT/test_data_v3/inswap/fake/inswap__919__275.png,1
/Users/pickapu/Documents/PyCharmMiscProject/deepfake-ViT/test_data_v3/real/real__668__204.png,0
/Users/pickapu/Documents/PyCharmMiscProject/deepfake-ViT/test_data_v3/inswap/fake/inswap__755__172.png,1
/Users/pickapu/Documents/PyCharmMiscProject/deepfake-ViT/test_data_v3/real/real__095__486.png,0
/Users/pickapu/Documents/PyCharmMiscProject/deepfake-ViT/test_data_v3/real/real__878__379.png,0
/Users/pickapu/Documents/PyCharmMiscProject/deepfake-ViT/test_data_v3/real/real__692__182.png,0
/Users/pickapu/Documents/PyCharmMiscProject/deepfake-ViT/test_data_v3/inswap/fake/inswap__725__360.png,1
/Users/pickapu/Documents/PyCharmMiscProject/deepfake-ViT/test_data_v3/inswap/fake/inswap__inswap_id30_id4_0000__000.png,1
/Users/pickapu/Documents/PyCharmMiscProject/deepfake-ViT/test_data_v3/inswap/fake/inswap__683__155.png,1
/Users/pickapu/Documents/PyCharmMiscProject/deepfake-ViT/test_data_v3/inswap/fake/inswap__047__164.png,1
/Users/pickapu/Documents/PyCharmMiscProject/deepfake-ViT/test_data_v3/inswap/fake/inswap__inswap_id12_id10_0002__000.png,1
/Users/pickapu/Documents/PyCharmMiscProject/deepfake-ViT/test_data_v3/real/real__405__273.png,0
/Users/pickapu/Documents/PyCharmMiscProject/deepfake-ViT/test_data_v3/real/real__090__354.png,0
/Users/pickapu/Documents/PyCharmMiscProject/deepfake-ViT/test_data_v3/real/real__790__355.png,0
/Users/pickapu/Documents/PyCharmMiscProject/deepfake-ViT/test_data_v3/inswap/fake/inswap__inswap_id35_id20_0007__000.png,1
/Users/pickapu/Documents/PyCharmMiscProject/deepfake-ViT/test_data_v3/real/real__00287__241.png,0
/Users/pickapu/Documents/PyCharmMiscProject/deepfake-ViT/test_data_v3/real/real__901__269.png,0
/Users/pickapu/Documents/PyCharmMiscProject/deepfake-ViT/test_data_v3/real/real__id37_0005__235.png,0
/Users/pickapu/Documents/PyCharmMiscProject/deepfake-ViT/test_data_v3/inswap/fake/inswap__id10_0007__000.png,1
/Users/pickapu/Documents/PyCharmMiscProject/deepfake-ViT/test_data_v3/real/real__625__170.png,0
/Users/pickapu/Documents/PyCharmMiscProject/deepfake-ViT/test_data_v3/real/real__554__426.png,0
/Users/pickapu/Documents/PyCharmMiscProject/deepfake-ViT/test_data_v3/real/real__id27_0008__170.png,0
/Users/pickapu/Documents/PyCharmMiscProject/deepfake-ViT/test_data_v3/inswap/fake/inswap__inswap_id1_id20_0007__000.png,1
/Users/pickapu/Documents/PyCharmMiscProject/deepfake-ViT/test_data_v3/inswap/fake/inswap__inswap_id4_id21_0004__000.png,1
/Users/pickapu/Documents/PyCharmMiscProject/deepfake-ViT/test_data_v3/inswap/fake/inswap__inswap_id7_id10_0004__000.png,1
/Users/pickapu/Documents/PyCharmMiscProject/deepfake-ViT/test_data_v3/real/real__607__233.png,0
/Users/pickapu/Documents/PyCharmMiscProject/deepfake-ViT/test_data_v3/inswap/fake/inswap__inswap_id19_id25_0002__000.png,1
/Users/pickapu/Documents/PyCharmMiscProject/deepfake-ViT/test_data_v3/real/real__323__234.png,0
/Users/pickapu/Documents/PyCharmMiscProject/deepfake-ViT/test_data_v3/inswap/fake/inswap__id3_0002__000.png,1
/Users/pickapu/Documents/PyCharmMiscProject/deepfake-ViT/test_data_v3/real/real__id44_0003__176.png,0
/Users/pickapu/Documents/PyCharmMiscProject/deepfake-ViT/test_data_v3/real/real__644__212.png,0
/Users/pickapu/Documents/PyCharmMiscProject/deepfake-ViT/test_data_v3/real/real__id26_0008__163.png,0
/Users/pickapu/Documents/PyCharmMiscProject/deepfake-ViT/test_data_v3/inswap/fake/inswap__670__247.png,1
/Users/pickapu/Documents/PyCharmMiscProject/deepfake-ViT/test_data_v3/real/real__00260__162.png,0
/Users/pickapu/Documents/PyCharmMiscProject/deepfake-ViT/test_data_v3/real/real__437__305.png,0
/Users/pickapu/Documents/PyCharmMiscProject/deepfake-ViT/test_data_v3/real/real__569__172.png,0
/Users/pickapu/Documents/PyCharmMiscProject/deepfake-ViT/test_data_v3/real/real__455__190.png,0
/Users/pickapu/Documents/PyCharmMiscProject/deepfake-ViT/test_data_v3/real/real__412__294.png,0
/Users/pickapu/Documents/PyCharmMiscProject/deepfake-ViT/test_data_v3/real/real__930__230.png,0
/Users/pickapu/Documents/PyCharmMiscProject/deepfake-ViT/test_data_v3/inswap/fake/inswap__278__231.png,1
/Users/pickapu/Documents/PyCharmMiscProject/deepfake-ViT/test_data_v3/real/real__699__269.png,0
/Users/pickapu/Documents/PyCharmMiscProject/deepfake-ViT/test_data_v3/inswap/fake/inswap__306__375.png,1
/Users/pickapu/Documents/PyCharmMiscProject/deepfake-ViT/test_data_v3/inswap/fake/inswap__inswap_id23_id2_0007__000.png,1
/Users/pickapu/Documents/PyCharmMiscProject/deepfake-ViT/test_data_v3/real/real__546__368.png,0
/Users/pickapu/Documents/PyCharmMiscProject/deepfake-ViT/test_data_v3/inswap/fake/inswap__inswap_id30_id21_0005__000.png,1
/Users/pickapu/Documents/PyCharmMiscProject/deepfake-ViT/test_data_v3/inswap/fake/inswap__id9_0000__000.png,1
/Users/pickapu/Documents/PyCharmMiscProject/deepfake-ViT/test_data_v3/real/real__533__287.png,0
/Users/pickapu/Documents/PyCharmMiscProject/deepfake-ViT/test_data_v3/real/real__166__389.png,0
/Users/pickapu/Documents/PyCharmMiscProject/deepfake-ViT/test_data_v3/inswap/fake/inswap__970__245.png,1
/Users/pickapu/Documents/PyCharmMiscProject/deepfake-ViT/test_data_v3/real/real__518__151.png,0
/Users/pickapu/Documents/PyCharmMiscProject/deepfake-ViT/test_data_v3/real/real__387__272.png,0
/Users/pickapu/Documents/PyCharmMiscProject/deepfake-ViT/test_data_v3/inswap/fake/inswap__inswap_id1_id4_0002__000.png,1
/Users/pickapu/Documents/PyCharmMiscProject/deepfake-ViT/test_data_v3/real/real__200__370.png,0
/Users/pickapu/Documents/PyCharmMiscProject/deepfake-ViT/test_data_v3/real/real__id40_0003__164.png,0
/Users/pickapu/Documents/PyCharmMiscProject/deepfake-ViT/test_data_v3/inswap/fake/inswap__inswap_id4_id20_0000__000.png,1
/Users/pickapu/Documents/PyCharmMiscProject/deepfake-ViT/test_data_v3/real/real__311__189.png,0
/Users/pickapu/Documents/PyCharmMiscProject/deepfake-ViT/test_data_v3/inswap/fake/inswap__371__370.png,1
/Users/pickapu/Documents/PyCharmMiscProject/deepfake-ViT/test_data_v3/real/real__862__242.png,0
/Users/pickapu/Documents/PyCharmMiscProject/deepfake-ViT/test_data_v3/real/real__741__190.png,0
/Users/pickapu/Documents/PyCharmMiscProject/deepfake-ViT/test_data_v3/inswap/fake/inswap__inswap_id37_id29_0005__000.png,1
/Users/pickapu/Documents/PyCharmMiscProject/deepfake-ViT/test_data_v3/inswap/fake/inswap__inswap_id6_id16_0005__000.png,1
/Users/pickapu/Documents/PyCharmMiscProject/deepfake-ViT/test_data_v3/inswap/fake/inswap__138__211.png,1
/Users/pickapu/Documents/PyCharmMiscProject/deepfake-ViT/test_data_v3/real/real__190__170.png,0
/Users/pickapu/Documents/PyCharmMiscProject/deepfake-ViT/test_data_v3/real/real__015__225.png,0
/Users/pickapu/Documents/PyCharmMiscProject/deepfake-ViT/test_data_v3/real/real__890__175.png,0
/Users/pickapu/Documents/PyCharmMiscProject/deepfake-ViT/test_data_v3/inswap/fake/inswap__inswap_id30_id28_0006__000.png,1
/Users/pickapu/Documents/PyCharmMiscProject/deepfake-ViT/test_data_v3/real/real__872__244.png,0
/Users/pickapu/Documents/PyCharmMiscProject/deepfake-ViT/test_data_v3/inswap/fake/inswap__inswap_id37_id4_0000__000.png,1
/Users/pickapu/Documents/PyCharmMiscProject/deepfake-ViT/test_data_v3/real/real__964__232.png,0
